peptide,HLA,label,dataset
APAGRPSASR,HLA-A*26:01,0,1-2
DYLRSVLEDF,HLA-A*26:01,0,1-2
DYVREHKDNI,HLA-A*26:01,0,1-2
GIHKQKEKSR,HLA-A*26:01,0,1-2
ILEQSGEWWK,HLA-A*26:01,0,1-2
NVLHFFNAPL,HLA-A*26:01,1,1-2
NYSVRYRPGL,HLA-A*26:01,0,1-2
VIQNLERGYR,HLA-A*26:01,0,1-2
VYDYNCHVDL,HLA-A*26:01,1,1-2
KSTNLVKNK,HLA-A*11:01,1,1-7
MNVLTLVYK,HLA-A*11:01,0,1-7
SVLNDILSR,HLA-A*11:01,1,1-7
VTDTPKGPK,HLA-A*11:01,1,1-7
CWLQPEAHF,HLA-A*23:01,1,1-3
DWLQPEAHF,HLA-A*23:01,1,1-3
MWLQPEAHF,HLA-A*23:01,0,1-3
QDLQPEAHF,HLA-A*23:01,1,1-3
QFLQPEAHF,HLA-A*23:01,1,1-3
QKLQPEAHF,HLA-A*23:01,0,1-3
QWLQDEAHF,HLA-A*23:01,1,1-3
QWLQIEAHF,HLA-A*23:01,1,1-3
QWLQKEAHF,HLA-A*23:01,1,1-3
QWLQPEAHF,HLA-A*23:01,1,1-3
QWLQPEAHH,HLA-A*23:01,0,1-3
QWLQPEAHI,HLA-A*23:01,1,1-3
QWLQPEAHT,HLA-A*23:01,1,1-3
QWLQPEAHW,HLA-A*23:01,1,1-3
QWLQVEAHF,HLA-A*23:01,1,1-3
QYLQPEAHF,HLA-A*23:01,1,1-3
SWLQPEAHF,HLA-A*23:01,1,1-3
EKAKHACPR,HLA-A*68:01,1,1-1
ELAKHACPD,HLA-A*68:01,0,1-1
ELAKHACPK,HLA-A*68:01,1,1-1
ELAKHACPP,HLA-A*68:01,0,1-1
ELAKHACPR,HLA-A*68:01,1,1-1
ELAKHACPY,HLA-A*68:01,0,1-1
ELAKHAVSE,HLA-A*68:01,0,1-1
KTGGPIYRR,HLA-A*68:01,1,1-1
DPDVKHSKM,HLA-B*07:02,1,1-5
KPDVKHSKM,HLA-B*07:02,1,1-5
MPDVKHSKM,HLA-B*07:02,1,1-5
RADVKHSKM,HLA-B*07:02,1,1-5
RDDVKHSKM,HLA-B*07:02,0,1-5
REDVKHSKM,HLA-B*07:02,0,1-5
RPDVDHSKM,HLA-B*07:02,1,1-5
RPDVEHSKM,HLA-B*07:02,1,1-5
RPDVHHSKM,HLA-B*07:02,1,1-5
RPDVKHSKD,HLA-B*07:02,0,1-5
RPDVKHSKF,HLA-B*07:02,1,1-5
RPDVKHSKL,HLA-B*07:02,1,1-5
RPDVKHSKM,HLA-B*07:02,1,1-5
RPDVKHSKN,HLA-B*07:02,0,1-5
RPDVKQSKM,HLA-B*07:02,1,1-5
RPDVRHSKM,HLA-B*07:02,1,1-5
RVDVKHSKM,HLA-B*07:02,1,1-5
TDFMREHNL,HLA-B*08:01,0,1-6
TKFMREHNL,HLA-B*08:01,1,1-6
TLDMREHNL,HLA-B*08:01,1,1-6
TLFMKEHNL,HLA-B*08:01,1,1-6
TLFMNEHNL,HLA-B*08:01,1,1-6
TLFMPEHNL,HLA-B*08:01,1,1-6
TLFMRCHNL,HLA-B*08:01,1,1-6
TLFMRDHNL,HLA-B*08:01,1,1-6
TLFMREHNE,HLA-B*08:01,1,1-6
TLFMREHNK,HLA-B*08:01,1,1-6
TLFMREHNL,HLA-B*08:01,1,1-6
TLFMREHNM,HLA-B*08:01,1,1-6
TLFMREHNP,HLA-B*08:01,0,1-6
TLFMREHNR,HLA-B*08:01,0,1-6
TLFMRFHNL,HLA-B*08:01,1,1-6
TLFMRIHNL,HLA-B*08:01,1,1-6
TLFMVEHNL,HLA-B*08:01,1,1-6
TLGMREHNL,HLA-B*08:01,1,1-6
TLIMREHNL,HLA-B*08:01,1,1-6
TLRMREHNL,HLA-B*08:01,1,1-6
TMFMREHNL,HLA-B*08:01,1,1-6
TQFMREHNL,HLA-B*08:01,1,1-6
ALNKMFFQL,HLA-A*02:01,0,1-4
FMKQMNDAL,HLA-A*02:01,0,1-4
FQLAKTCPV,HLA-A*02:01,1,1-4
HMTEVVRRF,HLA-A*02:01,0,1-4
ITDFGRAKL,HLA-A*02:01,0,1-4
KMFFQLAKT,HLA-A*02:01,0,1-4
LTSTVQLIM,HLA-A*02:01,0,1-4
LVVVGAAGV,HLA-A*02:01,0,1-4
LVVVGACGV,HLA-A*02:01,0,1-4
LVVVGASGV,HLA-A*02:01,0,1-4
LVVVGAVGV,HLA-A*02:01,0,1-4
MNWRPILTI,HLA-A*02:01,0,1-4
QLIMQLMPF,HLA-A*02:01,0,1-4
RQLCDLRLF,HLA-A*02:01,0,1-4
VVGACGVGK,HLA-A*02:01,0,1-4
VVGADGVGK,HLA-A*02:01,0,1-4
VVGAVGVGK,HLA-A*02:01,0,1-4
