peptide,HLA,label
CVDWLIAVY,HLA-A*01:01,0
RCVDWLIAVY,HLA-A*01:01,0
IAADGEFLY,HLA-A*01:01,0
LVDIVLNFY,HLA-A*01:01,0
ILDTAGHEEY,HLA-A*01:01,1
LTQGYIYFY,HLA-A*01:01,0
WSDIMFEHFY,HLA-A*01:01,0
FSDVGEVPY,HLA-A*01:01,0
FTDRERHCF,HLA-A*01:01,0
VSCRSVWEY,HLA-A*01:01,0
WSFPYEFLY,HLA-A*01:01,0
ISVATFLPY,HLA-A*01:01,0
MLDIIKAIY,HLA-A*01:01,0
LTVDYATFY,HLA-A*01:01,0
GDTDSRFISY,HLA-A*01:01,0
PSAEVEMTFY,HLA-A*01:01,0
VSEGGCFCY,HLA-A*01:01,0
QLDVSRLWY,HLA-A*01:01,0
ELTQGYIYFY,HLA-A*01:01,0
FATCLGLFY,HLA-A*01:01,0
ESEPYTFSY,HLA-A*01:01,0
FTNESYLELY,HLA-A*01:01,1
DTDSRFISY,HLA-A*01:01,0
ATLFSDSWYY,HLA-A*01:01,0
GTDPLFMFA,HLA-A*01:01,0
SSDCSAWYM,HLA-A*01:01,0
LLDEPSAHLY,HLA-A*01:01,0
ISEYVSVRFY,HLA-A*01:01,0
FSSPTHSLY,HLA-A*01:01,0
FSSPTHSLYV,HLA-A*01:01,0
LSGSDNVLY,HLA-A*01:01,0
FTQEDPQMVY,HLA-A*01:01,0
ASSFLKSFY,HLA-A*01:01,0
LTEQYNEKY,HLA-A*01:01,0
YTDKSEHATY,HLA-A*01:01,0
FTADQKVVY,HLA-A*01:01,0
IFSSPTHSLY,HLA-A*01:01,0
LSDGPSMGRY,HLA-A*01:01,1
RSAQKMFTY,HLA-A*01:01,0
YTAEKKSLSE,HLA-A*01:01,0
LVAVFRWAV,HLA-A*02:01,0
GMLTNIWTV,HLA-A*02:01,0
FQLRTADWHL,HLA-A*02:01,0
KVWAVTEEV,HLA-A*02:01,0
YLIIENRYAV,HLA-A*02:01,0
YLIIENRYA,HLA-A*02:01,0
MLIILAGFL,HLA-A*02:01,0
TVWDFTLEL,HLA-A*02:01,0
HLMNIAIIA,HLA-A*02:01,0
NILGFTFDI,HLA-A*02:01,0
ALFELRNISV,HLA-A*02:01,0
FLLDETEVSV,HLA-A*02:01,0
YLNEAVFNFV,HLA-A*02:01,1
YLNEAVFNF,HLA-A*02:01,0
RTADWHLYL,HLA-A*02:01,0
FLSEFAGTQL,HLA-A*02:01,0
KAWENFPNV,HLA-A*02:01,1
FVLEHEDGL,HLA-A*02:01,0
LLFYGAVIEV,HLA-A*02:01,0
FLFQEECWHL,HLA-A*02:01,0
YLDVFVHAI,HLA-A*02:01,0
ALHEEVVCV,HLA-A*02:01,0
FMATYEINV,HLA-A*02:01,0
VLNFYTTFV,HLA-A*02:01,0
YLLIHGTAV,HLA-A*02:01,0
ILPFFYLGSA,HLA-A*02:01,0
FIYLFVTET,HLA-A*02:01,0
YMPGVGDFAV,HLA-A*02:01,0
FIWLATRRV,HLA-A*02:01,0
LIIENRYAV,HLA-A*02:01,0
KLADFGLACA,HLA-A*02:01,0
KLVVVGAAGV,HLA-A*02:01,0
KLADFGLAC,HLA-A*02:01,0
KTIQTIVFL,HLA-A*02:01,0
LLLPGNNWKV,HLA-A*02:01,0
MLFARHLREV,HLA-A*02:01,0
YMPGVGDFA,HLA-A*02:01,0
FHLAELCIEV,HLA-A*02:01,0
GLFEDTNLFA,HLA-A*02:01,0
RLLRPIYDYL,HLA-A*02:01,0
KLKEHLGFAV,HLA-A*02:01,0
ALKEIIPQCI,HLA-A*02:01,0
LLAPLIATL,HLA-A*02:01,0
LQDSGLWFPV,HLA-A*02:01,0
WQLDALDFLV,HLA-A*02:01,0
YLYHRVDVI,HLA-A*02:01,1
HLIGGIQVL,HLA-A*02:01,0
YLAVDALEL,HLA-A*02:01,0
NLFLFIDKL,HLA-A*02:01,0
FIAEQILATL,HLA-A*02:01,0
GLYGNLIVL,HLA-A*02:01,1
YQANVVWKV,HLA-A*02:01,1
TLFHDLWKL,HLA-A*02:01,0
FVANLFNTYL,HLA-A*02:01,0
RLPGLILYTL,HLA-A*02:01,0
ALSDGPIDAV,HLA-A*02:01,0
LLAAGLGRA,HLA-A*02:01,0
FLDEGFSGL,HLA-A*02:01,0
FLDEGFSGLV,HLA-A*02:01,0
LLNDASFISV,HLA-A*02:01,0
ALPPTVYEV,HLA-A*02:01,1
YVQCFLAFT,HLA-A*02:01,0
LLSLWVPQV,HLA-A*02:01,0
YMWRWKQFL,HLA-A*02:01,0
YITKRIIAV,HLA-A*02:01,0
RMGQTVIAV,HLA-A*02:01,0
ALGVYGGPYV,HLA-A*02:01,0
LLKAGWQNLV,HLA-A*02:01,0
ALWPLAYGV,HLA-A*02:01,0
RSFSEVFLV,HLA-A*02:01,0
LLSEFFSCL,HLA-A*02:01,0
FLLWKATGV,HLA-A*02:01,0
WLVDFFSPWC,HLA-A*02:01,0
SLHDLTDGV,HLA-A*02:01,0
VLLSVLIILL,HLA-A*02:01,0
LLSNELHRL,HLA-A*02:01,0
LLDNGTLTI,HLA-A*02:01,0
SLCLYVVVGV,HLA-A*02:01,0
LLPGNNWKV,HLA-A*02:01,0
VLWISAFMV,HLA-A*02:01,0
AVYCACFVEL,HLA-A*02:01,0
SLYLNTTVL,HLA-A*02:01,0
ILYHGNLVV,HLA-A*02:01,0
LLHSGVIGAV,HLA-A*02:01,0
SLYELEKEFL,HLA-A*02:01,0
FLSELEASV,HLA-A*02:01,0
KLYESFYGP,HLA-A*02:01,0
RLDGFFKNAV,HLA-A*02:01,0
LLQVCWLQSA,HLA-A*02:01,0
KLHVSVEAFV,HLA-A*02:01,0
YAVQDFLHEI,HLA-A*02:01,0
SLSEARQDV,HLA-A*02:01,0
LLHSGVIGA,HLA-A*02:01,0
LALPPTVYEV,HLA-A*02:01,0
FLWGSRAHA,HLA-A*02:01,0
LLFTDQHGLV,HLA-A*02:01,0
IFLSELEASV,HLA-A*02:01,0
LLSFHSVFT,HLA-A*02:01,0
KLLEGQPVLL,HLA-A*02:01,0
IVYPTPTPI,HLA-A*02:01,0
KLLSEFFSC,HLA-A*02:01,0
RVYDALNLL,HLA-A*02:01,1
LLFTDQHGL,HLA-A*02:01,0
FLDPDLTNI,HLA-A*02:01,1
YLFIKDNEI,HLA-A*02:01,0
NLINEAMDV,HLA-A*02:01,0
LLLNGLGLA,HLA-A*02:01,0
KIFLCNARV,HLA-A*02:01,0
KMLDGLESL,HLA-A*02:01,0
RLLRGYDQV,HLA-A*02:01,0
FMKDGLTGA,HLA-A*02:01,0
SLINSTVIV,HLA-A*02:01,0
VLSALFSIT,HLA-A*02:01,0
KLSFLVMII,HLA-A*02:01,0
SLLAARQLL,HLA-A*02:01,0
YILDRESPL,HLA-A*02:01,0
KLLSEFFSCL,HLA-A*02:01,0
FQLPILQPA,HLA-A*02:01,0
GLTFKDVTV,HLA-A*02:01,0
QLFMATYEI,HLA-A*02:01,0
YLYVYKIVSQ,HLA-A*02:01,0
GQFGKVWMA,HLA-A*02:01,0
RLSEVMARM,HLA-A*02:01,0
RLMGINSTA,HLA-A*02:01,0
SEQMDVAFQV,HLA-A*02:01,0
RLMGINSTAA,HLA-A*02:01,0
SQPPAGSEV,HLA-A*02:01,0
FLCNARVKV,HLA-A*02:01,0
LQVCWLQSA,HLA-A*02:01,0
VSVLSALFSI,HLA-A*02:01,0
VLVADVLSPV,HLA-A*02:01,0
VLLKAGWQNL,HLA-A*02:01,0
FSDYVQCFL,HLA-A*02:01,0
RLCLYCGYPV,HLA-A*02:01,0
NSLLLLPLSV,HLA-A*02:01,0
MLPSNYVEAI,HLA-A*02:01,0
AVPGGGMPI,HLA-A*02:01,0
FLGSLLILVV,HLA-A*02:01,0
SLHPSAPFL,HLA-A*02:01,0
QLVMVLVGGL,HLA-A*02:01,0
FYLGSAYHAA,HLA-A*02:01,0
FLGSLLILV,HLA-A*02:01,1
RLVLQLLEL,HLA-A*02:01,0
TLYLRNNQLV,HLA-A*02:01,0
FLNCDIMLGV,HLA-A*02:01,1
GLKDLLNPI,HLA-A*02:01,0
LVADVLSPV,HLA-A*02:01,0
ILPGVFSKL,HLA-A*02:01,0
MLPSNYVEA,HLA-A*02:01,0
QLLKFIPSL,HLA-A*02:01,0
LLYDHPLKV,HLA-A*02:01,0
FLNDASACV,HLA-A*02:01,0
YLLNDASPI,HLA-A*02:01,0
MLNTSVPNYM,HLA-A*02:01,0
SLSSDFNPLV,HLA-A*02:01,0
SLSSDFNPL,HLA-A*02:01,0
LLFGPSCAL,HLA-A*02:01,0
ALVNQQFLCV,HLA-A*02:01,0
KTIYKYVHL,HLA-A*02:01,0
KLINSQINL,HLA-A*02:01,0
KLLNCPCPA,HLA-A*02:01,0
TLGIKLSFLV,HLA-A*02:01,0
GQEGKYDLLV,HLA-A*02:01,0
SVLSALFSI,HLA-A*02:01,0
SLLLLPLSV,HLA-A*02:01,0
KLLSFHSVFT,HLA-A*02:01,0
FLVESQLHL,HLA-A*02:01,0
EMASVLFKA,HLA-A*02:01,0
LLLLPLSVA,HLA-A*02:01,0
FLDKFMEAV,HLA-A*02:01,0
FLTKLVHLV,HLA-A*02:01,0
YIYNPSLAL,HLA-A*02:01,0
AVLGSFSYV,HLA-A*02:01,0
VLFDRLSKL,HLA-A*02:01,0
QLSSVRCYV,HLA-A*02:01,0
ALDHMFMYFL,HLA-A*02:01,1
SLLLLPLSVA,HLA-A*02:01,0
KLPYSYNLCV,HLA-A*02:01,0
TMMCVSRNEL,HLA-A*02:01,0
FVLASLCLYV,HLA-A*02:01,0
KTLGIKLSFL,HLA-A*02:01,0
IMGQQPAPQV,HLA-A*02:01,0
GLSKYRPAI,HLA-A*02:01,0
LMMHSATSA,HLA-A*02:01,0
KMGKTIYKYV,HLA-A*02:01,0
RLIGLMMTA,HLA-A*02:01,0
VLASLCLYV,HLA-A*02:01,0
VLASLCLYVV,HLA-A*02:01,0
RLMDSAQVA,HLA-A*02:01,0
VLFDRLSKLA,HLA-A*02:01,0
LMMHSATSAT,HLA-A*02:01,0
YVYKIVSQL,HLA-A*02:01,0
KLNPSQNVV,HLA-A*02:01,0
MLVSTMPVV,HLA-A*02:01,0
ALDKNLHQL,HLA-A*02:01,0
VLFSNESSL,HLA-A*02:01,0
TIITQLSSV,HLA-A*02:01,0
SLCKSILLFL,HLA-A*02:01,0
VLMMHSATSA,HLA-A*02:01,0
LLAKQLYRV,HLA-A*02:01,0
LLLSSLGYL,HLA-A*02:01,0
YQSPDLSKV,HLA-A*02:01,0
TLMEVMSKI,HLA-A*02:01,0
KTLMEVMSKI,HLA-A*02:01,0
GLSEKCSLV,HLA-A*02:01,0
YLLQKLSCL,HLA-A*02:01,0
LLRMNQSQFI,HLA-A*02:01,0
ILGYWIRTSK,HLA-A*03:01,0
MFYAVRWGRK,HLA-A*03:01,0
RTKYDFTWFK,HLA-A*03:01,0
STLFRVVVAK,HLA-A*03:01,0
FIYLFVTETK,HLA-A*03:01,0
TSARTENFK,HLA-A*03:01,0
TLFRVVVAK,HLA-A*03:01,0
RVDFSATWYK,HLA-A*03:01,0
RIALWPLAY,HLA-A*03:01,0
TLWEQFLEK,HLA-A*03:01,0
SVEAFVCHRK,HLA-A*03:01,0
KAPVGHFYK,HLA-A*03:01,0
KVYDIAFSR,HLA-A*03:01,0
AVRVLFPGIK,HLA-A*03:01,0
KSATRRPVWK,HLA-A*03:01,0
RTREFTAKK,HLA-A*03:01,1
CVIDAAVLLK,HLA-A*03:01,0
ITGALVLFMK,HLA-A*03:01,0
ASFFGVHSK,HLA-A*03:01,0
YLYCYGYWKK,HLA-A*03:01,0
ATNYIYVLNK,HLA-A*03:01,0
KINRALTAAK,HLA-A*03:01,0
YLWAAQAEK,HLA-A*03:01,0
CRLFPYALHK,HLA-A*03:01,0
GLLAAGLGR,HLA-A*03:01,0
VIDAAVLLK,HLA-A*03:01,0
AINRPTVLK,HLA-A*03:01,1
KLRDEISLAK,HLA-A*03:01,1
HLFDIQGLPK,HLA-A*03:01,1
RIPRTVGQK,HLA-A*03:01,0
KEAADPLAFK,HLA-A*03:01,0
RLFPYALHKW,HLA-A*03:01,0
RLFPYALHK,HLA-A*03:01,1
KMFCAGYPK,HLA-A*03:01,0
SVFTSVRRK,HLA-A*03:01,0
ALYKVEINK,HLA-A*03:01,0
GIKAHPVLK,HLA-A*03:01,0
GVYTKEFLY,HLA-A*03:01,0
ILFRTPSVAK,HLA-A*03:01,1
RVWDVSGLRK,HLA-A*03:01,0
ALYFNSQWK,HLA-A*03:01,1
LLFGVSALGK,HLA-A*03:01,0
LLPPPPLAK,HLA-A*03:01,0
SLHAHGLSYK,HLA-A*03:01,0
RMFLRFQKK,HLA-A*03:01,0
KIYTGEKPYK,HLA-A*03:01,1
ALLPPPPLAK,HLA-A*03:01,0
SLSNFPQLK,HLA-A*03:01,0
MLNTSVPNY,HLA-A*03:01,0
ATRYNYTSEK,HLA-A*03:01,1
GMLNTSVPNY,HLA-A*03:01,0
RKSNRVKTCK,HLA-A*03:01,0
ADVLSPVLVK,HLA-A*03:01,0
LLFKAGEMRK,HLA-A*03:01,0
GLSFHLQSSK,HLA-A*03:01,0
KLHVASLSFR,HLA-A*03:01,0
RLFSALNSHK,HLA-A*03:01,0
RIHTSVKLY,HLA-A*03:01,0
KIVEMSTSK,HLA-A*03:01,1
KTYACQQCGK,HLA-A*03:01,0
LVYQFKDMLK,HLA-A*03:01,0
RTGKGQPCNK,HLA-A*03:01,0
KLYKCKVCDK,HLA-A*03:01,0
ILIYWNPFHR,HLA-A*11:01,0
LIYWNPFHR,HLA-A*11:01,0
SMLFARHLR,HLA-A*11:01,0
VVVGAAGVGK,HLA-A*11:01,0
TDTGVHATLK,HLA-A*11:01,0
VVGAAGVGK,HLA-A*11:01,0
GSNNLILIY,HLA-A*11:01,0
RLLRPIYDY,HLA-A*11:01,0
RSMLFARHLR,HLA-A*11:01,0
SSWHTPTLQK,HLA-A*11:01,0
SPLCNFNIIK,HLA-A*11:01,0
SALANPIGK,HLA-A*11:01,0
NLWPVPHGLK,HLA-A*11:01,0
KQLYRVFQK,HLA-A*11:01,0
YSNFISHLAK,HLA-A*11:01,0
SVTFNGQVFK,HLA-A*11:01,0
GAFMRPITLK,HLA-A*11:01,0
VTFNGQVFK,HLA-A*11:01,0
KIFLCNARVK,HLA-A*11:01,0
TQCKWQFVAK,HLA-A*11:01,0
MLSSHIATK,HLA-A*11:01,0
SQYCRPISTK,HLA-A*11:01,0
GVLPNYSEGK,HLA-A*11:01,0
SVSDSHVYKY,HLA-A*11:01,0
SVSDSHVYK,HLA-A*11:01,0
TVIAVASSMR,HLA-A*11:01,0
RISASCATR,HLA-A*11:01,0
LSVSDSHVYK,HLA-A*11:01,0
FTANPPSQTK,HLA-A*11:01,0
VIAVASSMR,HLA-A*11:01,0
VFPVWEVIW,HLA-A*24:02,0
LYEDVFPVW,HLA-A*24:02,0
VYPFYRFRLI,HLA-A*24:02,0
VYCEEYYLF,HLA-A*24:02,1
VYCEEYYLFS,HLA-A*24:02,0
LDYVENLAKF,HLA-A*24:02,0
LLYEDVFPVW,HLA-A*24:02,0
SQPWQASLF,HLA-A*24:02,0
SLFHLTRLF,HLA-A*24:02,0
VFIQTRGGTF,HLA-A*24:02,0
SLVPCLPEFF,HLA-A*24:02,0
AYYFMVKVW,HLA-A*24:02,0
AYGNNCDGI,HLA-A*24:02,0
QPWQASLFHL,HLA-A*24:02,0
RVVSGAYYF,HLA-A*24:02,0
AWLLRKNFF,HLA-A*24:02,0
PWQASLFHL,HLA-A*24:02,0
EYQDMHSYI,HLA-A*24:02,0
RHSPAPFSKF,HLA-A*24:02,0
IYANMFKKF,HLA-A*24:02,0
PYLPSPCPP,HLA-A*24:02,0
RMPKLLKSLF,HLA-A*24:02,0
AYQKAPTKQF,HLA-A*24:02,0
RPRRVEIVAL,HLA-B*07:02,0
GPVEEVRALL,HLA-B*07:02,0
GPVEEVRAL,HLA-B*07:02,0
RGPVEEVRAL,HLA-B*07:02,0
RPTYEEGFL,HLA-B*07:02,0
APKVEADESL,HLA-B*07:02,0
KPMEAVTVAV,HLA-B*07:02,0
ATAAARGPV,HLA-B*07:02,0
RPVGGRPGW,HLA-B*07:02,0
LPGLILYTL,HLA-B*07:02,0
VPTLGRGGW,HLA-B*07:02,0
KPANHRGQL,HLA-B*07:02,0
SPWKDGDEL,HLA-B*07:02,0
RPVWKLVKV,HLA-B*07:02,0
CPLQCFQPRL,HLA-B*07:02,0
GPSPSSEAL,HLA-B*07:02,0
RGRMQTASL,HLA-B*07:02,1
RRHIEIRDK,HLA-B*27:05,0
LRTADWHLYL,HLA-B*27:05,0
LRTADWHLY,HLA-B*27:05,0
KRCPGRFVY,HLA-B*27:05,0
HRDRLIGLMM,HLA-B*27:05,0
SRMGQTVIAV,HLA-B*27:05,0
NRYAVQDFLH,HLA-B*27:05,0
KRRPSGFFLF,HLA-B*27:05,0
RRPSGFFLF,HLA-B*27:05,0
NRYAVQDFL,HLA-B*27:05,0
KRACCIPGRR,HLA-B*27:05,0
KRACCIPGR,HLA-B*27:05,0
SQNQHENDI,HLA-B*27:05,0
YRHVHLRSF,HLA-B*27:05,0
RRSMLFARHL,HLA-B*27:05,0
RRSMLFARH,HLA-B*27:05,1
HRIELDPSKF,HLA-B*27:05,0
RRQSMTVKR,HLA-B*27:05,0
RRQSMTVKRE,HLA-B*27:05,0
